month,cme_id,t0,dt0_hr,pa_deg,da_deg,v_km_s,dv_km_s,minv_km_s,maxv_km_s,halo_flag,source_url
01,0012,2010-01-18 23:49:00,0,258,18,1132,117,865,1196,,https://www.sidc.be/cactus/catalog/LASCO/2_5_0/2010/01/cmecat.txt
01,0011,2010-01-18 20:49:00,2,100,66,363,115,197,598,,https://www.sidc.be/cactus/catalog/LASCO/2_5_0/2010/01/cmecat.txt
01,0010,2010-01-17 04:06:00,2,96,90,437,194,271,950,,https://www.sidc.be/cactus/catalog/LASCO/2_5_0/2010/01/cmecat.txt
01,0009,2010-01-15 01:27:00,4,80,22,166,190,117,724,,https://www.sidc.be/cactus/catalog/LASCO/2_5_0/2010/01/cmecat.txt
01,0008,2010-01-10 07:31:00,1,73,12,265,91,128,321,,https://www.sidc.be/cactus/catalog/LASCO/2_5_0/2010/01/cmecat.txt
01,0007,2010-01-07 23:54:00,0,259,32,1183,104,1030,1363,,https://www.sidc.be/cactus/catalog/LASCO/2_5_0/2010/01/cmecat.txt
01,0006,2010-01-06 10:06:00,1,117,16,1357,467,520,1838,,https://www.sidc.be/cactus/catalog/LASCO/2_5_0/2010/01/cmecat.txt
01,0005,2010-01-06 07:31:00,1,244,10,1102,792,262,1953,,https://www.sidc.be/cactus/catalog/LASCO/2_5_0/2010/01/cmecat.txt
01,0004,2010-01-05 18:06:00,2,92,62,252,36,161,312,,https://www.sidc.be/cactus/catalog/LASCO/2_5_0/2010/01/cmecat.txt
01,0003,2010-01-03 06:06:00,1,114,6,254,77,159,372,,https://www.sidc.be/cactus/catalog/LASCO/2_5_0/2010/01/cmecat.txt
01,0002,2010-01-01 15:08:00,1,49,12,868,519,488,1720,,https://www.sidc.be/cactus/catalog/LASCO/2_5_0/2010/01/cmecat.txt
01,0001,2010-01-01 15:08:00,1,47,8,248,71,151,322,,https://www.sidc.be/cactus/catalog/LASCO/2_5_0/2010/01/cmecat.txt
02,0031,2010-02-28 23:06:00,7,258,94,229,79,119,473,II,https://www.sidc.be/cactus/catalog/LASCO/2_5_0/2010/02/cmecat.txt
02,0030,2010-02-28 15:08:00,11,358,230,328,67,192,466,III,https://www.sidc.be/cactus/catalog/LASCO/2_5_0/2010/02/cmecat.txt
02,0029,2010-02-28 13:54:00,1,338,22,220,4,212,227,,https://www.sidc.be/cactus/catalog/LASCO/2_5_0/2010/02/cmecat.txt
02,0028,2010-02-24 17:06:00,4,116,50,215,85,142,381,,https://www.sidc.be/cactus/catalog/LASCO/2_5_0/2010/02/cmecat.txt
02,0027,2010-02-24 16:30:00,1,59,20,1348,278,946,1953,,https://www.sidc.be/cactus/catalog/LASCO/2_5_0/2010/02/cmecat.txt
02,0026,2010-02-24 13:31:00,4,244,26,268,99,161,473,,https://www.sidc.be/cactus/catalog/LASCO/2_5_0/2010/02/cmecat.txt
02,0025,2010-02-23 10:54:00,1,82,22,472,183,192,841,,https://www.sidc.be/cactus/catalog/LASCO/2_5_0/2010/02/cmecat.txt
02,0024,2010-02-22 10:06:00,2,279,28,470,42,395,496,,https://www.sidc.be/cactus/catalog/LASCO/2_5_0/2010/02/cmecat.txt
02,0023,2010-02-20 19:54:00,2,293,8,412,88,363,577,,https://www.sidc.be/cactus/catalog/LASCO/2_5_0/2010/02/cmecat.txt
02,0022,2010-02-20 11:54:00,1,40,22,791,494,694,1950,,https://www.sidc.be/cactus/catalog/LASCO/2_5_0/2010/02/cmecat.txt
02,0021,2010-02-18 19:58:00,1,254,10,217,73,186,363,,https://www.sidc.be/cactus/catalog/LASCO/2_5_0/2010/02/cmecat.txt
02,0020,2010-02-17 15:30:00,1,279,8,203,50,190,303,,https://www.sidc.be/cactus/catalog/LASCO/2_5_0/2010/02/cmecat.txt
02,0019,2010-02-17 12:54:00,2,277,36,347,242,254,950,,https://www.sidc.be/cactus/catalog/LASCO/2_5_0/2010/02/cmecat.txt
02,0018,2010-02-15 13:31:00,1,219,12,451,66,355,548,,https://www.sidc.be/cactus/catalog/LASCO/2_5_0/2010/02/cmecat.txt
02,0017,2010-02-15 06:30:00,2,85,8,156,168,123,488,,https://www.sidc.be/cactus/catalog/LASCO/2_5_0/2010/02/cmecat.txt
02,0016,2010-02-15 05:06:00,2,95,60,320,466,175,1549,,https://www.sidc.be/cactus/catalog/LASCO/2_5_0/2010/02/cmecat.txt
02,0015,2010-02-15 01:31:00,4,277,20,1116,416,504,1838,,https://www.sidc.be/cactus/catalog/LASCO/2_5_0/2010/02/cmecat.txt
02,0014,2010-02-14 18:06:00,1,334,18,365,37,279,400,,https://www.sidc.be/cactus/catalog/LASCO/2_5_0/2010/02/cmecat.txt
02,0013,2010-02-14 03:54:00,3,337,40,371,85,150,422,,https://www.sidc.be/cactus/catalog/LASCO/2_5_0/2010/02/cmecat.txt
02,0012,2010-02-14 02:06:00,1,347,12,294,69,242,400,,https://www.sidc.be/cactus/catalog/LASCO/2_5_0/2010/02/cmecat.txt
02,0011,2010-02-13 19:54:00,6,289,116,284,403,111,1250,II,https://www.sidc.be/cactus/catalog/LASCO/2_5_0/2010/02/cmecat.txt
02,0010,2010-02-12 22:06:00,4,278,82,1039,326,372,1720,,https://www.sidc.be/cactus/catalog/LASCO/2_5_0/2010/02/cmecat.txt
02,0009,2010-02-11 09:30:00,1,114,6,327,149,221,568,,https://www.sidc.be/cactus/catalog/LASCO/2_5_0/2010/02/cmecat.txt
02,0008,2010-02-10 17:06:00,2,98,34,380,24,325,389,,https://www.sidc.be/cactus/catalog/LASCO/2_5_0/2010/02/cmecat.txt
02,0007,2010-02-10 08:06:00,1,254,26,1201,358,440,1641,,https://www.sidc.be/cactus/catalog/LASCO/2_5_0/2010/02/cmecat.txt
02,0006,2010-02-08 08:30:00,0,64,10,225,25,214,281,,https://www.sidc.be/cactus/catalog/LASCO/2_5_0/2010/02/cmecat.txt
02,0005,2010-02-08 06:06:00,1,82,22,194,21,177,240,,https://www.sidc.be/cactus/catalog/LASCO/2_5_0/2010/02/cmecat.txt
02,0004,2010-02-07 03:54:00,3,108,142,339,48,220,446,II,https://www.sidc.be/cactus/catalog/LASCO/2_5_0/2010/02/cmecat.txt
02,0003,2010-02-06 20:06:00,3,99,56,218,30,164,271,,https://www.sidc.be/cactus/catalog/LASCO/2_5_0/2010/02/cmecat.txt
02,0002,2010-02-05 03:08:00,2,283,20,375,15,364,406,,https://www.sidc.be/cactus/catalog/LASCO/2_5_0/2010/02/cmecat.txt
02,0001,2010-02-01 10:26:00,2,250,46,73,0,73,75,,https://www.sidc.be/cactus/catalog/LASCO/2_5_0/2010/02/cmecat.txt
03,0029,2010-03-20 00:54:00,5,274,86,339,16,303,367,,https://www.sidc.be/cactus/catalog/LASCO/2_5_0/2010/03/cmecat.txt
03,0028,2010-03-18 19:31:00,2,262,46,1338,350,465,1736,,https://www.sidc.be/cactus/catalog/LASCO/2_5_0/2010/03/cmecat.txt
03,0027,2010-03-18 06:06:00,1,68,10,436,140,284,637,,https://www.sidc.be/cactus/catalog/LASCO/2_5_0/2010/03/cmecat.txt
03,0026,2010-03-17 10:54:00,2,269,28,1358,523,300,1953,,https://www.sidc.be/cactus/catalog/LASCO/2_5_0/2010/03/cmecat.txt
03,0025,2010-03-15 16:30:00,2,77,12,339,22,294,359,,https://www.sidc.be/cactus/catalog/LASCO/2_5_0/2010/03/cmecat.txt
03,0024,2010-03-14 23:06:00,1,88,10,186,17,177,223,,https://www.sidc.be/cactus/catalog/LASCO/2_5_0/2010/03/cmecat.txt
03,0023,2010-03-14 05:54:00,7,111,60,195,24,137,236,,https://www.sidc.be/cactus/catalog/LASCO/2_5_0/2010/03/cmecat.txt
03,0022,2010-03-14 01:31:00,2,291,68,236,16,212,276,,https://www.sidc.be/cactus/catalog/LASCO/2_5_0/2010/03/cmecat.txt
03,0021,2010-03-14 00:54:00,3,43,40,295,51,218,416,,https://www.sidc.be/cactus/catalog/LASCO/2_5_0/2010/03/cmecat.txt
03,0020,2010-03-14 00:54:00,2,82,82,267,78,179,479,,https://www.sidc.be/cactus/catalog/LASCO/2_5_0/2010/03/cmecat.txt
03,0019,2010-03-13 17:06:00,2,303,28,801,101,579,976,,https://www.sidc.be/cactus/catalog/LASCO/2_5_0/2010/03/cmecat.txt
03,0018,2010-03-13 16:54:00,3,270,86,976,416,279,1642,,https://www.sidc.be/cactus/catalog/LASCO/2_5_0/2010/03/cmecat.txt
03,0017,2010-03-12 03:30:00,3,62,46,309,68,177,422,,https://www.sidc.be/cactus/catalog/LASCO/2_5_0/2010/03/cmecat.txt
03,0016,2010-03-11 20:30:00,5,70,50,194,56,123,359,,https://www.sidc.be/cactus/catalog/LASCO/2_5_0/2010/03/cmecat.txt
03,0015,2010-03-10 06:54:00,3,37,44,224,56,140,376,,https://www.sidc.be/cactus/catalog/LASCO/2_5_0/2010/03/cmecat.txt
03,0014,2010-03-06 15:32:00,1,278,6,1707,153,1609,1955,,https://www.sidc.be/cactus/catalog/LASCO/2_5_0/2010/03/cmecat.txt
03,0013,2010-03-06 14:03:00,1,282,6,1422,734,167,1875,,https://www.sidc.be/cactus/catalog/LASCO/2_5_0/2010/03/cmecat.txt
03,0012,2010-03-06 11:52:00,7,258,58,156,40,108,273,,https://www.sidc.be/cactus/catalog/LASCO/2_5_0/2010/03/cmecat.txt
03,0011,2010-03-06 08:27:00,1,114,30,538,48,479,626,,https://www.sidc.be/cactus/catalog/LASCO/2_5_0/2010/03/cmecat.txt
03,0010,2010-03-06 07:51:00,2,65,28,953,165,794,1348,,https://www.sidc.be/cactus/catalog/LASCO/2_5_0/2010/03/cmecat.txt
03,0009,2010-03-05 00:30:00,2,274,70,276,156,184,868,,https://www.sidc.be/cactus/catalog/LASCO/2_5_0/2010/03/cmecat.txt
03,0008,2010-03-04 14:06:00,1,261,12,370,113,229,558,,https://www.sidc.be/cactus/catalog/LASCO/2_5_0/2010/03/cmecat.txt
03,0007,2010-03-03 20:06:00,3,80,58,606,126,294,822,,https://www.sidc.be/cactus/catalog/LASCO/2_5_0/2010/03/cmecat.txt
03,0006,2010-03-03 15:30:00,2,66,14,434,135,200,612,,https://www.sidc.be/cactus/catalog/LASCO/2_5_0/2010/03/cmecat.txt
03,0005,2010-03-02 18:06:00,1,254,6,201,120,136,434,,https://www.sidc.be/cactus/catalog/LASCO/2_5_0/2010/03/cmecat.txt
03,0004,2010-03-01 23:30:00,1,57,8,281,104,202,473,,https://www.sidc.be/cactus/catalog/LASCO/2_5_0/2010/03/cmecat.txt
03,0003,2010-03-01 22:30:00,2,92,66,1116,262,578,1643,,https://www.sidc.be/cactus/catalog/LASCO/2_5_0/2010/03/cmecat.txt
03,0002,2010-03-01 22:06:00,2,60,34,868,60,744,1008,,https://www.sidc.be/cactus/catalog/LASCO/2_5_0/2010/03/cmecat.txt
03,0001,2010-03-01 02:30:00,2,233,16,422,46,322,434,,https://www.sidc.be/cactus/catalog/LASCO/2_5_0/2010/03/cmecat.txt
04,0022,2010-04-29 16:35:00,1,266,22,494,97,334,686,,https://www.sidc.be/cactus/catalog/LASCO/2_5_0/2010/04/cmecat.txt
04,0021,2010-04-28 14:48:00,1,80,10,422,55,325,431,,https://www.sidc.be/cactus/catalog/LASCO/2_5_0/2010/04/cmecat.txt
04,0020,2010-04-20 06:54:00,1,92,14,520,133,459,844,,https://www.sidc.be/cactus/catalog/LASCO/2_5_0/2010/04/cmecat.txt
04,0019,2010-04-19 16:54:00,5,306,98,281,71,137,395,II,https://www.sidc.be/cactus/catalog/LASCO/2_5_0/2010/04/cmecat.txt
04,0018,2010-04-19 06:54:00,2,288,10,135,16,109,157,,https://www.sidc.be/cactus/catalog/LASCO/2_5_0/2010/04/cmecat.txt
04,0017,2010-04-18 19:54:00,8,248,66,318,80,114,411,,https://www.sidc.be/cactus/catalog/LASCO/2_5_0/2010/04/cmecat.txt
04,0016,2010-04-17 08:06:00,2,291,8,233,67,203,355,,https://www.sidc.be/cactus/catalog/LASCO/2_5_0/2010/04/cmecat.txt
04,0015,2010-04-15 13:54:00,2,253,56,546,95,322,679,,https://www.sidc.be/cactus/catalog/LASCO/2_5_0/2010/04/cmecat.txt
04,0014,2010-04-15 07:54:00,1,267,12,1488,197,1243,1752,,https://www.sidc.be/cactus/catalog/LASCO/2_5_0/2010/04/cmecat.txt
04,0013,2010-04-15 03:08:00,0,265,12,466,54,364,513,,https://www.sidc.be/cactus/catalog/LASCO/2_5_0/2010/04/cmecat.txt
04,0012,2010-04-13 08:30:00,5,300,98,383,90,193,529,II,https://www.sidc.be/cactus/catalog/LASCO/2_5_0/2010/04/cmecat.txt
04,0011,2010-04-12 02:30:00,1,225,12,169,6,166,181,,https://www.sidc.be/cactus/catalog/LASCO/2_5_0/2010/04/cmecat.txt
04,0010,2010-04-11 02:30:00,3,223,32,137,11,111,151,,https://www.sidc.be/cactus/catalog/LASCO/2_5_0/2010/04/cmecat.txt
04,0009,2010-04-11 01:54:00,5,215,24,161,34,101,194,,https://www.sidc.be/cactus/catalog/LASCO/2_5_0/2010/04/cmecat.txt
04,0008,2010-04-08 10:30:00,1,47,16,431,35,390,496,,https://www.sidc.be/cactus/catalog/LASCO/2_5_0/2010/04/cmecat.txt
04,0007,2010-04-08 04:54:00,1,242,30,281,31,249,355,,https://www.sidc.be/cactus/catalog/LASCO/2_5_0/2010/04/cmecat.txt
04,0006,2010-04-08 03:30:00,6,65,44,174,37,102,217,,https://www.sidc.be/cactus/catalog/LASCO/2_5_0/2010/04/cmecat.txt
04,0005,2010-04-03 23:30:00,0,224,10,205,15,192,234,,https://www.sidc.be/cactus/catalog/LASCO/2_5_0/2010/04/cmecat.txt
04,0004,2010-04-03 09:54:00,1,187,44,303,17,266,332,,https://www.sidc.be/cactus/catalog/LASCO/2_5_0/2010/04/cmecat.txt
04,0003,2010-04-03 09:54:00,1,240,66,517,258,385,1134,,https://www.sidc.be/cactus/catalog/LASCO/2_5_0/2010/04/cmecat.txt
04,0002,2010-04-02 11:06:00,1,85,36,472,578,303,1820,,https://www.sidc.be/cactus/catalog/LASCO/2_5_0/2010/04/cmecat.txt
04,0001,2010-04-02 04:30:00,1,4,6,342,66,281,458,,https://www.sidc.be/cactus/catalog/LASCO/2_5_0/2010/04/cmecat.txt
05,0035,2010-05-31 21:30:00,1,196,30,366,69,279,520,,https://www.sidc.be/cactus/catalog/LASCO/2_5_0/2010/05/cmecat.txt
05,0034,2010-05-31 21:30:00,2,229,80,318,42,221,405,,https://www.sidc.be/cactus/catalog/LASCO/2_5_0/2010/05/cmecat.txt
05,0033,2010-05-30 19:54:00,3,309,28,218,67,112,325,,https://www.sidc.be/cactus/catalog/LASCO/2_5_0/2010/05/cmecat.txt
05,0032,2010-05-30 19:54:00,1,314,30,205,14,182,236,,https://www.sidc.be/cactus/catalog/LASCO/2_5_0/2010/05/cmecat.txt
05,0031,2010-05-30 00:06:00,1,305,8,169,45,112,238,,https://www.sidc.be/cactus/catalog/LASCO/2_5_0/2010/05/cmecat.txt
05,0030,2010-05-29 23:54:00,0,263,8,273,42,220,339,,https://www.sidc.be/cactus/catalog/LASCO/2_5_0/2010/05/cmecat.txt
05,0029,2010-05-29 23:54:00,2,303,8,134,16,111,157,,https://www.sidc.be/cactus/catalog/LASCO/2_5_0/2010/05/cmecat.txt
05,0028,2010-05-27 03:08:00,7,250,62,196,82,110,429,,https://www.sidc.be/cactus/catalog/LASCO/2_5_0/2010/05/cmecat.txt
05,0027,2010-05-26 17:06:00,2,136,10,114,5,110,123,,https://www.sidc.be/cactus/catalog/LASCO/2_5_0/2010/05/cmecat.txt
05,0026,2010-05-26 15:07:00,3,160,26,146,31,110,227,,https://www.sidc.be/cactus/catalog/LASCO/2_5_0/2010/05/cmecat.txt
05,0025,2010-05-25 04:06:00,1,103,20,744,625,221,1953,,https://www.sidc.be/cactus/catalog/LASCO/2_5_0/2010/05/cmecat.txt
05,0024,2010-05-24 14:30:00,1,264,10,218,18,185,226,,https://www.sidc.be/cactus/catalog/LASCO/2_5_0/2010/05/cmecat.txt
05,0023,2010-05-24 13:54:00,1,254,82,381,40,303,446,,https://www.sidc.be/cactus/catalog/LASCO/2_5_0/2010/05/cmecat.txt
05,0022,2010-05-24 07:54:00,1,334,22,205,18,173,242,,https://www.sidc.be/cactus/catalog/LASCO/2_5_0/2010/05/cmecat.txt
05,0021,2010-05-23 19:54:00,1,150,6,161,20,150,198,,https://www.sidc.be/cactus/catalog/LASCO/2_5_0/2010/05/cmecat.txt
05,0020,2010-05-23 17:54:00,2,255,28,235,10,221,255,,https://www.sidc.be/cactus/catalog/LASCO/2_5_0/2010/05/cmecat.txt
05,0019,2010-05-23 17:06:00,2,323,72,240,40,174,351,,https://www.sidc.be/cactus/catalog/LASCO/2_5_0/2010/05/cmecat.txt
05,0018,2010-05-22 19:54:00,2,269,60,204,25,156,248,,https://www.sidc.be/cactus/catalog/LASCO/2_5_0/2010/05/cmecat.txt
05,0017,2010-05-22 13:54:00,1,235,8,1077,451,625,1736,,https://www.sidc.be/cactus/catalog/LASCO/2_5_0/2010/05/cmecat.txt
05,0016,2010-05-19 05:30:00,5,302,54,189,46,109,276,,https://www.sidc.be/cactus/catalog/LASCO/2_5_0/2010/05/cmecat.txt
05,0015,2010-05-15 21:54:00,1,300,10,497,315,240,1077,,https://www.sidc.be/cactus/catalog/LASCO/2_5_0/2010/05/cmecat.txt
05,0014,2010-05-15 15:30:00,2,278,38,558,216,190,919,,https://www.sidc.be/cactus/catalog/LASCO/2_5_0/2010/05/cmecat.txt
05,0013,2010-05-10 03:30:00,1,46,6,357,303,218,919,,https://www.sidc.be/cactus/catalog/LASCO/2_5_0/2010/05/cmecat.txt
05,0012,2010-05-09 04:06:00,2,46,14,363,37,322,428,,https://www.sidc.be/cactus/catalog/LASCO/2_5_0/2010/05/cmecat.txt
05,0011,2010-05-08 19:54:00,3,304,42,492,201,197,947,,https://www.sidc.be/cactus/catalog/LASCO/2_5_0/2010/05/cmecat.txt
05,0010,2010-05-08 18:54:00,1,44,10,261,179,195,651,,https://www.sidc.be/cactus/catalog/LASCO/2_5_0/2010/05/cmecat.txt
05,0009,2010-05-08 05:06:00,1,315,36,624,448,452,1547,,https://www.sidc.be/cactus/catalog/LASCO/2_5_0/2010/05/cmecat.txt
05,0008,2010-05-07 08:06:00,1,323,16,679,466,505,1499,,https://www.sidc.be/cactus/catalog/LASCO/2_5_0/2010/05/cmecat.txt
05,0007,2010-05-06 19:54:00,2,234,6,396,28,347,422,,https://www.sidc.be/cactus/catalog/LASCO/2_5_0/2010/05/cmecat.txt
05,0006,2010-05-06 10:30:00,2,235,16,355,39,309,434,,https://www.sidc.be/cactus/catalog/LASCO/2_5_0/2010/05/cmecat.txt
05,0005,2010-05-05 21:30:00,6,239,68,452,114,240,637,,https://www.sidc.be/cactus/catalog/LASCO/2_5_0/2010/05/cmecat.txt
05,0004,2010-05-02 18:54:00,8,251,56,227,29,165,267,,https://www.sidc.be/cactus/catalog/LASCO/2_5_0/2010/05/cmecat.txt
05,0003,2010-05-01 13:24:00,2,82,34,408,305,137,1275,,https://www.sidc.be/cactus/catalog/LASCO/2_5_0/2010/05/cmecat.txt
05,0002,2010-05-01 06:48:00,2,110,58,408,6,398,427,,https://www.sidc.be/cactus/catalog/LASCO/2_5_0/2010/05/cmecat.txt
05,0001,2010-05-01 01:00:00,2,88,50,304,76,181,419,,https://www.sidc.be/cactus/catalog/LASCO/2_5_0/2010/05/cmecat.txt
06,0042,2010-06-29 15:26:00,1,275,12,169,5,161,174,,https://www.sidc.be/cactus/catalog/LASCO/2_5_0/2010/06/cmecat.txt
06,0041,2010-06-29 13:27:00,6,65,32,205,25,160,260,,https://www.sidc.be/cactus/catalog/LASCO/2_5_0/2010/06/cmecat.txt
06,0040,2010-06-29 09:50:00,3,250,34,199,44,127,292,,https://www.sidc.be/cactus/catalog/LASCO/2_5_0/2010/06/cmecat.txt
06,0039,2010-06-29 09:26:00,3,53,28,181,514,115,1420,,https://www.sidc.be/cactus/catalog/LASCO/2_5_0/2010/06/cmecat.txt
06,0038,2010-06-29 02:06:00,2,312,18,178,476,123,1249,,https://www.sidc.be/cactus/catalog/LASCO/2_5_0/2010/06/cmecat.txt
06,0037,2010-06-27 10:50:00,1,283,16,190,4,182,190,,https://www.sidc.be/cactus/catalog/LASCO/2_5_0/2010/06/cmecat.txt
06,0036,2010-06-26 00:26:00,0,294,10,454,54,355,509,,https://www.sidc.be/cactus/catalog/LASCO/2_5_0/2010/06/cmecat.txt
06,0035,2010-06-23 17:06:00,1,345,24,297,33,234,367,,https://www.sidc.be/cactus/catalog/LASCO/2_5_0/2010/06/cmecat.txt
06,0034,2010-06-19 23:50:00,8,99,76,499,183,198,1019,,https://www.sidc.be/cactus/catalog/LASCO/2_5_0/2010/06/cmecat.txt
06,0033,2010-06-19 15:26:00,1,109,28,585,302,400,1339,,https://www.sidc.be/cactus/catalog/LASCO/2_5_0/2010/06/cmecat.txt
06,0032,2010-06-19 07:27:00,3,301,28,207,27,153,267,,https://www.sidc.be/cactus/catalog/LASCO/2_5_0/2010/06/cmecat.txt
06,0031,2010-06-18 23:30:00,0,276,10,423,358,352,1171,,https://www.sidc.be/cactus/catalog/LASCO/2_5_0/2010/06/cmecat.txt
06,0030,2010-06-18 23:30:00,1,313,20,343,290,223,976,,https://www.sidc.be/cactus/catalog/LASCO/2_5_0/2010/06/cmecat.txt
06,0029,2010-06-18 03:30:00,2,125,8,131,32,112,192,,https://www.sidc.be/cactus/catalog/LASCO/2_5_0/2010/06/cmecat.txt
06,0028,2010-06-17 04:22:00,2,298,18,263,43,202,332,,https://www.sidc.be/cactus/catalog/LASCO/2_5_0/2010/06/cmecat.txt
06,0027,2010-06-16 23:55:00,1,66,22,141,15,108,161,,https://www.sidc.be/cactus/catalog/LASCO/2_5_0/2010/06/cmecat.txt
06,0026,2010-06-16 04:06:00,2,264,46,339,673,218,1562,,https://www.sidc.be/cactus/catalog/LASCO/2_5_0/2010/06/cmecat.txt
06,0025,2010-06-15 00:14:00,4,62,34,432,33,361,447,,https://www.sidc.be/cactus/catalog/LASCO/2_5_0/2010/06/cmecat.txt
06,0024,2010-06-14 21:30:00,5,132,58,195,37,134,277,,https://www.sidc.be/cactus/catalog/LASCO/2_5_0/2010/06/cmecat.txt
06,0023,2010-06-14 06:54:00,5,122,22,174,37,110,197,,https://www.sidc.be/cactus/catalog/LASCO/2_5_0/2010/06/cmecat.txt
06,0022,2010-06-14 03:54:00,1,292,6,449,694,434,1838,,https://www.sidc.be/cactus/catalog/LASCO/2_5_0/2010/06/cmecat.txt
06,0021,2010-06-14 01:31:00,1,290,26,322,649,245,1572,,https://www.sidc.be/cactus/catalog/LASCO/2_5_0/2010/06/cmecat.txt
06,0020,2010-06-13 06:06:00,6,278,74,351,111,113,612,,https://www.sidc.be/cactus/catalog/LASCO/2_5_0/2010/06/cmecat.txt
06,0019,2010-06-13 06:06:00,4,253,32,218,61,104,294,,https://www.sidc.be/cactus/catalog/LASCO/2_5_0/2010/06/cmecat.txt
06,0018,2010-06-12 09:54:00,5,68,82,295,48,226,381,,https://www.sidc.be/cactus/catalog/LASCO/2_5_0/2010/06/cmecat.txt
06,0017,2010-06-12 09:54:00,1,299,28,445,85,251,539,,https://www.sidc.be/cactus/catalog/LASCO/2_5_0/2010/06/cmecat.txt
06,0016,2010-06-12 03:08:00,3,296,30,251,764,187,1838,,https://www.sidc.be/cactus/catalog/LASCO/2_5_0/2010/06/cmecat.txt
06,0015,2010-06-12 01:31:00,2,289,52,351,78,200,529,,https://www.sidc.be/cactus/catalog/LASCO/2_5_0/2010/06/cmecat.txt
06,0014,2010-06-11 15:30:00,1,88,6,110,2,107,113,,https://www.sidc.be/cactus/catalog/LASCO/2_5_0/2010/06/cmecat.txt
06,0013,2010-06-11 09:30:00,1,52,10,199,48,191,309,,https://www.sidc.be/cactus/catalog/LASCO/2_5_0/2010/06/cmecat.txt
06,0012,2010-06-10 10:30:00,2,84,10,155,33,112,214,,https://www.sidc.be/cactus/catalog/LASCO/2_5_0/2010/06/cmecat.txt
06,0011,2010-06-09 05:30:00,1,247,12,946,20,919,976,,https://www.sidc.be/cactus/catalog/LASCO/2_5_0/2010/06/cmecat.txt
06,0010,2010-06-05 09:02:00,4,239,32,267,28,199,305,,https://www.sidc.be/cactus/catalog/LASCO/2_5_0/2010/06/cmecat.txt
06,0009,2010-06-04 12:54:00,2,221,32,203,58,161,312,,https://www.sidc.be/cactus/catalog/LASCO/2_5_0/2010/06/cmecat.txt
06,0008,2010-06-04 12:06:00,1,307,16,664,299,323,1302,,https://www.sidc.be/cactus/catalog/LASCO/2_5_0/2010/06/cmecat.txt
06,0007,2010-06-04 12:06:00,1,284,22,300,4,293,306,,https://www.sidc.be/cactus/catalog/LASCO/2_5_0/2010/06/cmecat.txt
06,0006,2010-06-04 00:54:00,4,47,28,244,159,195,568,,https://www.sidc.be/cactus/catalog/LASCO/2_5_0/2010/06/cmecat.txt
06,0005,2010-06-03 06:54:00,2,269,28,221,14,187,231,,https://www.sidc.be/cactus/catalog/LASCO/2_5_0/2010/06/cmecat.txt
06,0004,2010-06-03 00:30:00,1,89,16,372,14,351,390,,https://www.sidc.be/cactus/catalog/LASCO/2_5_0/2010/06/cmecat.txt
06,0003,2010-06-02 23:30:00,6,100,46,160,49,101,258,,https://www.sidc.be/cactus/catalog/LASCO/2_5_0/2010/06/cmecat.txt
06,0002,2010-06-02 13:54:00,1,239,12,267,481,111,1420,,https://www.sidc.be/cactus/catalog/LASCO/2_5_0/2010/06/cmecat.txt
06,0001,2010-06-02 13:31:00,4,291,44,228,95,124,512,,https://www.sidc.be/cactus/catalog/LASCO/2_5_0/2010/06/cmecat.txt
07,0010,2010-07-09 06:54:00,1,73,8,512,709,325,1748,,https://www.sidc.be/cactus/catalog/LASCO/2_5_0/2010/07/cmecat.txt
07,0009,2010-07-08 16:30:00,2,278,30,142,47,112,248,,https://www.sidc.be/cactus/catalog/LASCO/2_5_0/2010/07/cmecat.txt
07,0008,2010-07-06 05:06:00,1,242,6,288,21,262,318,,https://www.sidc.be/cactus/catalog/LASCO/2_5_0/2010/07/cmecat.txt
07,0007,2010-07-05 22:30:00,1,287,8,117,18,107,154,,https://www.sidc.be/cactus/catalog/LASCO/2_5_0/2010/07/cmecat.txt
07,0006,2010-07-05 18:06:00,2,51,120,472,68,328,600,II,https://www.sidc.be/cactus/catalog/LASCO/2_5_0/2010/07/cmecat.txt
07,0005,2010-07-03 12:30:00,1,56,6,532,237,240,783,,https://www.sidc.be/cactus/catalog/LASCO/2_5_0/2010/07/cmecat.txt
07,0004,2010-07-03 09:54:00,2,82,82,313,34,246,392,,https://www.sidc.be/cactus/catalog/LASCO/2_5_0/2010/07/cmecat.txt
07,0003,2010-07-03 04:08:00,3,240,42,411,64,312,521,,https://www.sidc.be/cactus/catalog/LASCO/2_5_0/2010/07/cmecat.txt
07,0002,2010-07-03 02:51:00,2,18,10,171,9,156,179,,https://www.sidc.be/cactus/catalog/LASCO/2_5_0/2010/07/cmecat.txt
07,0001,2010-07-03 02:51:00,3,80,34,251,22,219,299,,https://www.sidc.be/cactus/catalog/LASCO/2_5_0/2010/07/cmecat.txt
08,0037,2010-08-31 20:00:00,2,242,90,493,252,238,1022,,https://www.sidc.be/cactus/catalog/LASCO/2_5_0/2010/08/cmecat.txt
08,0036,2010-08-31 14:12:00,1,246,30,378,139,209,656,,https://www.sidc.be/cactus/catalog/LASCO/2_5_0/2010/08/cmecat.txt
08,0035,2010-08-31 03:24:00,1,251,32,339,108,139,434,,https://www.sidc.be/cactus/catalog/LASCO/2_5_0/2010/08/cmecat.txt
08,0034,2010-08-31 01:25:00,1,248,10,416,32,363,431,,https://www.sidc.be/cactus/catalog/LASCO/2_5_0/2010/08/cmecat.txt
08,0033,2010-08-30 23:05:00,1,244,10,457,81,290,499,,https://www.sidc.be/cactus/catalog/LASCO/2_5_0/2010/08/cmecat.txt
08,0032,2010-08-30 17:00:00,0,102,10,405,16,376,413,,https://www.sidc.be/cactus/catalog/LASCO/2_5_0/2010/08/cmecat.txt
08,0031,2010-08-26 05:36:00,0,67,8,411,5,408,422,,https://www.sidc.be/cactus/catalog/LASCO/2_5_0/2010/08/cmecat.txt
08,0030,2010-08-25 03:12:00,1,353,8,326,11,309,340,,https://www.sidc.be/cactus/catalog/LASCO/2_5_0/2010/08/cmecat.txt
08,0029,2010-08-24 01:36:00,2,64,22,310,61,214,449,,https://www.sidc.be/cactus/catalog/LASCO/2_5_0/2010/08/cmecat.txt
08,0028,2010-08-19 06:36:00,2,130,22,289,64,213,437,,https://www.sidc.be/cactus/catalog/LASCO/2_5_0/2010/08/cmecat.txt
08,0027,2010-08-19 04:24:00,1,308,10,237,10,228,256,,https://www.sidc.be/cactus/catalog/LASCO/2_5_0/2010/08/cmecat.txt
08,0026,2010-08-19 02:00:00,2,307,12,211,31,177,265,,https://www.sidc.be/cactus/catalog/LASCO/2_5_0/2010/08/cmecat.txt
08,0025,2010-08-18 21:27:00,1,104,26,654,35,618,718,,https://www.sidc.be/cactus/catalog/LASCO/2_5_0/2010/08/cmecat.txt
08,0024,2010-08-18 16:36:00,1,250,14,243,1,241,244,,https://www.sidc.be/cactus/catalog/LASCO/2_5_0/2010/08/cmecat.txt
08,0023,2010-08-18 15:24:00,1,247,12,255,26,228,300,,https://www.sidc.be/cactus/catalog/LASCO/2_5_0/2010/08/cmecat.txt
08,0022,2010-08-18 12:24:00,1,101,8,437,227,137,735,,https://www.sidc.be/cactus/catalog/LASCO/2_5_0/2010/08/cmecat.txt
08,0021,2010-08-18 11:36:00,2,272,58,405,185,130,686,,https://www.sidc.be/cactus/catalog/LASCO/2_5_0/2010/08/cmecat.txt
08,0020,2010-08-18 06:48:00,1,77,100,1644,484,404,2016,II,https://www.sidc.be/cactus/catalog/LASCO/2_5_0/2010/08/cmecat.txt
08,0019,2010-08-18 05:48:00,3,292,162,868,368,347,1894,II,https://www.sidc.be/cactus/catalog/LASCO/2_5_0/2010/08/cmecat.txt
08,0018,2010-08-18 02:36:00,1,303,16,222,95,193,413,,https://www.sidc.be/cactus/catalog/LASCO/2_5_0/2010/08/cmecat.txt
08,0017,2010-08-18 00:48:00,3,304,70,304,111,136,520,,https://www.sidc.be/cactus/catalog/LASCO/2_5_0/2010/08/cmecat.txt
08,0016,2010-08-15 12:48:00,1,262,6,138,28,135,194,,https://www.sidc.be/cactus/catalog/LASCO/2_5_0/2010/08/cmecat.txt
08,0015,2010-08-15 10:00:00,2,267,12,137,68,133,256,,https://www.sidc.be/cactus/catalog/LASCO/2_5_0/2010/08/cmecat.txt
08,0014,2010-08-15 08:36:00,1,247,8,410,14,390,431,,https://www.sidc.be/cactus/catalog/LASCO/2_5_0/2010/08/cmecat.txt
08,0013,2010-08-15 08:36:00,5,305,84,255,90,110,452,,https://www.sidc.be/cactus/catalog/LASCO/2_5_0/2010/08/cmecat.txt
08,0012,2010-08-15 06:18:00,2,114,54,581,76,413,657,,https://www.sidc.be/cactus/catalog/LASCO/2_5_0/2010/08/cmecat.txt
08,0011,2010-08-14 11:24:00,0,10,18,1562,564,480,1838,,https://www.sidc.be/cactus/catalog/LASCO/2_5_0/2010/08/cmecat.txt
08,0010,2010-08-14 11:24:00,0,72,26,390,180,209,833,,https://www.sidc.be/cactus/catalog/LASCO/2_5_0/2010/08/cmecat.txt
08,0009,2010-08-14 10:12:00,2,279,152,657,223,204,919,II,https://www.sidc.be/cactus/catalog/LASCO/2_5_0/2010/08/cmecat.txt
08,0008,2010-08-10 05:24:00,3,298,26,589,87,416,618,,https://www.sidc.be/cactus/catalog/LASCO/2_5_0/2010/08/cmecat.txt
08,0007,2010-08-10 05:12:00,2,86,50,407,54,289,484,,https://www.sidc.be/cactus/catalog/LASCO/2_5_0/2010/08/cmecat.txt
08,0006,2010-08-07 21:48:00,0,114,18,492,10,469,504,,https://www.sidc.be/cactus/catalog/LASCO/2_5_0/2010/08/cmecat.txt
08,0005,2010-08-07 18:36:00,2,81,184,603,130,318,915,III,https://www.sidc.be/cactus/catalog/LASCO/2_5_0/2010/08/cmecat.txt
08,0004,2010-08-07 11:36:00,5,252,74,248,88,106,434,,https://www.sidc.be/cactus/catalog/LASCO/2_5_0/2010/08/cmecat.txt
08,0003,2010-08-07 09:24:00,1,299,20,410,49,322,434,,https://www.sidc.be/cactus/catalog/LASCO/2_5_0/2010/08/cmecat.txt
08,0002,2010-08-07 03:12:00,2,295,28,568,83,422,753,,https://www.sidc.be/cactus/catalog/LASCO/2_5_0/2010/08/cmecat.txt
08,0001,2010-08-05 23:26:00,2,296,34,419,33,382,508,,https://www.sidc.be/cactus/catalog/LASCO/2_5_0/2010/08/cmecat.txt
09,0063,2010-09-30 23:16:00,6,346,86,368,65,233,525,,https://www.sidc.be/cactus/catalog/LASCO/2_5_0/2010/09/cmecat.txt
09,0062,2010-09-28 16:12:00,1,268,26,589,50,516,702,,https://www.sidc.be/cactus/catalog/LASCO/2_5_0/2010/09/cmecat.txt
09,0061,2010-09-28 06:00:00,1,303,12,462,68,412,606,,https://www.sidc.be/cactus/catalog/LASCO/2_5_0/2010/09/cmecat.txt
09,0060,2010-09-28 04:12:00,1,97,16,224,68,136,317,,https://www.sidc.be/cactus/catalog/LASCO/2_5_0/2010/09/cmecat.txt
09,0059,2010-09-28 03:24:00,0,237,24,379,63,234,431,,https://www.sidc.be/cactus/catalog/LASCO/2_5_0/2010/09/cmecat.txt
09,0058,2010-09-27 21:38:00,1,101,8,154,53,142,248,,https://www.sidc.be/cactus/catalog/LASCO/2_5_0/2010/09/cmecat.txt
09,0057,2010-09-27 03:24:00,0,261,8,791,356,473,1330,,https://www.sidc.be/cactus/catalog/LASCO/2_5_0/2010/09/cmecat.txt
09,0056,2010-09-27 00:00:00,5,101,28,281,90,136,431,,https://www.sidc.be/cactus/catalog/LASCO/2_5_0/2010/09/cmecat.txt
09,0055,2010-09-26 23:37:00,2,112,26,151,99,139,359,,https://www.sidc.be/cactus/catalog/LASCO/2_5_0/2010/09/cmecat.txt
09,0054,2010-09-26 17:48:00,1,258,10,919,567,405,1792,,https://www.sidc.be/cactus/catalog/LASCO/2_5_0/2010/09/cmecat.txt
09,0053,2010-09-25 23:16:00,1,56,6,256,31,224,296,,https://www.sidc.be/cactus/catalog/LASCO/2_5_0/2010/09/cmecat.txt
09,0052,2010-09-22 16:36:00,3,324,54,421,90,345,679,,https://www.sidc.be/cactus/catalog/LASCO/2_5_0/2010/09/cmecat.txt
09,0051,2010-09-22 04:24:00,2,75,100,422,89,268,644,II,https://www.sidc.be/cactus/catalog/LASCO/2_5_0/2010/09/cmecat.txt
09,0050,2010-09-21 16:00:00,2,77,40,142,48,114,242,,https://www.sidc.be/cactus/catalog/LASCO/2_5_0/2010/09/cmecat.txt
09,0049,2010-09-17 07:12:00,0,98,10,1637,595,631,1838,,https://www.sidc.be/cactus/catalog/LASCO/2_5_0/2010/09/cmecat.txt
09,0048,2010-09-17 07:00:00,2,88,26,308,114,289,607,,https://www.sidc.be/cactus/catalog/LASCO/2_5_0/2010/09/cmecat.txt
09,0047,2010-09-16 22:24:00,1,266,18,440,150,213,664,,https://www.sidc.be/cactus/catalog/LASCO/2_5_0/2010/09/cmecat.txt
09,0046,2010-09-15 22:12:00,0,274,10,251,32,206,304,,https://www.sidc.be/cactus/catalog/LASCO/2_5_0/2010/09/cmecat.txt
09,0045,2010-09-15 13:36:00,5,301,76,210,74,104,369,,https://www.sidc.be/cactus/catalog/LASCO/2_5_0/2010/09/cmecat.txt
09,0044,2010-09-15 03:24:00,2,304,18,359,67,259,459,,https://www.sidc.be/cactus/catalog/LASCO/2_5_0/2010/09/cmecat.txt
09,0043,2010-09-14 17:36:00,1,25,8,136,1,135,139,,https://www.sidc.be/cactus/catalog/LASCO/2_5_0/2010/09/cmecat.txt
09,0042,2010-09-14 14:00:00,2,299,56,548,130,140,735,,https://www.sidc.be/cactus/catalog/LASCO/2_5_0/2010/09/cmecat.txt
09,0041,2010-09-14 09:12:00,6,285,76,206,68,133,393,,https://www.sidc.be/cactus/catalog/LASCO/2_5_0/2010/09/cmecat.txt
09,0040,2010-09-14 07:48:00,1,105,12,1041,400,702,1689,,https://www.sidc.be/cactus/catalog/LASCO/2_5_0/2010/09/cmecat.txt
09,0039,2010-09-14 07:48:00,1,109,36,403,139,139,644,,https://www.sidc.be/cactus/catalog/LASCO/2_5_0/2010/09/cmecat.txt
09,0038,2010-09-14 05:12:00,0,300,10,138,1,134,139,,https://www.sidc.be/cactus/catalog/LASCO/2_5_0/2010/09/cmecat.txt
09,0037,2010-09-14 03:24:00,2,281,52,138,1,135,142,,https://www.sidc.be/cactus/catalog/LASCO/2_5_0/2010/09/cmecat.txt
09,0036,2010-09-13 09:48:00,2,285,32,137,1,134,141,,https://www.sidc.be/cactus/catalog/LASCO/2_5_0/2010/09/cmecat.txt
09,0035,2010-09-13 09:12:00,4,313,44,139,46,133,275,,https://www.sidc.be/cactus/catalog/LASCO/2_5_0/2010/09/cmecat.txt
09,0034,2010-09-13 05:48:00,1,115,8,398,165,136,414,,https://www.sidc.be/cactus/catalog/LASCO/2_5_0/2010/09/cmecat.txt
09,0033,2010-09-13 03:24:00,6,306,54,138,2,134,144,,https://www.sidc.be/cactus/catalog/LASCO/2_5_0/2010/09/cmecat.txt
09,0032,2010-09-12 06:00:00,1,306,26,490,79,315,618,,https://www.sidc.be/cactus/catalog/LASCO/2_5_0/2010/09/cmecat.txt
09,0031,2010-09-11 17:00:00,2,123,88,422,110,309,686,,https://www.sidc.be/cactus/catalog/LASCO/2_5_0/2010/09/cmecat.txt
09,0030,2010-09-11 06:36:00,0,176,18,142,169,139,492,,https://www.sidc.be/cactus/catalog/LASCO/2_5_0/2010/09/cmecat.txt
09,0029,2010-09-11 06:36:00,2,173,32,143,35,114,229,,https://www.sidc.be/cactus/catalog/LASCO/2_5_0/2010/09/cmecat.txt
09,0028,2010-09-11 05:00:00,2,73,36,231,110,140,416,,https://www.sidc.be/cactus/catalog/LASCO/2_5_0/2010/09/cmecat.txt
09,0027,2010-09-11 02:24:00,6,39,140,365,78,166,428,II,https://www.sidc.be/cactus/catalog/LASCO/2_5_0/2010/09/cmecat.txt
09,0026,2010-09-10 18:36:00,1,131,20,411,81,223,425,,https://www.sidc.be/cactus/catalog/LASCO/2_5_0/2010/09/cmecat.txt
09,0025,2010-09-10 12:12:00,4,308,30,279,111,131,443,,https://www.sidc.be/cactus/catalog/LASCO/2_5_0/2010/09/cmecat.txt
09,0024,2010-09-09 06:12:00,1,101,12,600,95,449,702,,https://www.sidc.be/cactus/catalog/LASCO/2_5_0/2010/09/cmecat.txt
09,0023,2010-09-08 23:26:00,3,275,120,667,135,345,841,II,https://www.sidc.be/cactus/catalog/LASCO/2_5_0/2010/09/cmecat.txt
09,0022,2010-09-08 17:12:00,1,124,10,491,223,125,744,,https://www.sidc.be/cactus/catalog/LASCO/2_5_0/2010/09/cmecat.txt
09,0021,2010-09-08 12:24:00,1,295,8,400,47,322,425,,https://www.sidc.be/cactus/catalog/LASCO/2_5_0/2010/09/cmecat.txt
09,0020,2010-09-08 10:48:00,1,104,10,405,41,318,413,,https://www.sidc.be/cactus/catalog/LASCO/2_5_0/2010/09/cmecat.txt
09,0019,2010-09-07 16:12:00,2,94,66,208,46,137,275,,https://www.sidc.be/cactus/catalog/LASCO/2_5_0/2010/09/cmecat.txt
09,0018,2010-09-06 08:48:00,1,292,10,536,786,143,1838,,https://www.sidc.be/cactus/catalog/LASCO/2_5_0/2010/09/cmecat.txt
09,0017,2010-09-06 08:48:00,2,298,22,416,20,367,431,,https://www.sidc.be/cactus/catalog/LASCO/2_5_0/2010/09/cmecat.txt
09,0016,2010-09-06 00:24:00,1,241,16,372,90,288,573,,https://www.sidc.be/cactus/catalog/LASCO/2_5_0/2010/09/cmecat.txt
09,0015,2010-09-05 16:00:00,1,346,22,437,75,411,618,,https://www.sidc.be/cactus/catalog/LASCO/2_5_0/2010/09/cmecat.txt
09,0014,2010-09-04 23:26:00,1,267,8,210,12,189,224,,https://www.sidc.be/cactus/catalog/LASCO/2_5_0/2010/09/cmecat.txt
09,0013,2010-09-04 16:00:00,1,327,16,618,46,558,702,,https://www.sidc.be/cactus/catalog/LASCO/2_5_0/2010/09/cmecat.txt
09,0012,2010-09-04 15:12:00,3,281,140,422,4,413,428,II,https://www.sidc.be/cactus/catalog/LASCO/2_5_0/2010/09/cmecat.txt
09,0011,2010-09-04 07:57:00,0,291,8,884,490,790,1805,,https://www.sidc.be/cactus/catalog/LASCO/2_5_0/2010/09/cmecat.txt
09,0010,2010-09-04 05:17:00,1,351,12,157,0,156,158,,https://www.sidc.be/cactus/catalog/LASCO/2_5_0/2010/09/cmecat.txt
09,0009,2010-09-04 05:17:00,1,331,28,173,5,159,175,,https://www.sidc.be/cactus/catalog/LASCO/2_5_0/2010/09/cmecat.txt
09,0008,2010-09-03 00:00:00,3,65,48,140,2,134,143,,https://www.sidc.be/cactus/catalog/LASCO/2_5_0/2010/09/cmecat.txt
09,0007,2010-09-02 20:12:00,3,90,34,139,2,135,143,,https://www.sidc.be/cactus/catalog/LASCO/2_5_0/2010/09/cmecat.txt
09,0006,2010-09-02 10:12:00,1,228,30,352,59,252,416,,https://www.sidc.be/cactus/catalog/LASCO/2_5_0/2010/09/cmecat.txt
09,0005,2010-09-01 23:27:00,1,48,18,408,55,382,506,,https://www.sidc.be/cactus/catalog/LASCO/2_5_0/2010/09/cmecat.txt
09,0004,2010-09-01 22:12:00,2,231,80,507,84,310,694,,https://www.sidc.be/cactus/catalog/LASCO/2_5_0/2010/09/cmecat.txt
09,0003,2010-09-01 14:48:00,1,238,30,516,620,347,1953,,https://www.sidc.be/cactus/catalog/LASCO/2_5_0/2010/09/cmecat.txt
09,0002,2010-09-01 14:00:00,2,229,72,454,116,309,807,,https://www.sidc.be/cactus/catalog/LASCO/2_5_0/2010/09/cmecat.txt
09,0001,2010-09-01 10:12:00,2,248,58,397,51,255,437,,https://www.sidc.be/cactus/catalog/LASCO/2_5_0/2010/09/cmecat.txt
10,0064,2010-10-30 22:36:00,4,247,60,406,37,318,428,,https://www.sidc.be/cactus/catalog/LASCO/2_5_0/2010/10/cmecat.txt
10,0063,2010-10-29 14:24:00,1,203,8,142,30,127,199,,https://www.sidc.be/cactus/catalog/LASCO/2_5_0/2010/10/cmecat.txt
10,0062,2010-10-28 15:24:00,1,173,8,1070,155,868,1250,,https://www.sidc.be/cactus/catalog/LASCO/2_5_0/2010/10/cmecat.txt
10,0061,2010-10-28 13:25:00,1,264,14,307,310,137,868,,https://www.sidc.be/cactus/catalog/LASCO/2_5_0/2010/10/cmecat.txt
10,0060,2010-10-28 13:25:00,2,216,126,251,17,230,290,II,https://www.sidc.be/cactus/catalog/LASCO/2_5_0/2010/10/cmecat.txt
10,0059,2010-10-28 12:36:00,1,82,6,490,236,244,811,,https://www.sidc.be/cactus/catalog/LASCO/2_5_0/2010/10/cmecat.txt
10,0058,2010-10-28 09:24:00,3,328,14,609,184,277,744,,https://www.sidc.be/cactus/catalog/LASCO/2_5_0/2010/10/cmecat.txt
10,0057,2010-10-28 04:36:00,7,33,104,217,121,134,504,II,https://www.sidc.be/cactus/catalog/LASCO/2_5_0/2010/10/cmecat.txt
10,0056,2010-10-27 06:24:00,2,23,36,274,39,231,398,,https://www.sidc.be/cactus/catalog/LASCO/2_5_0/2010/10/cmecat.txt
10,0055,2010-10-27 06:24:00,2,0,66,375,65,234,525,,https://www.sidc.be/cactus/catalog/LASCO/2_5_0/2010/10/cmecat.txt
10,0054,2010-10-27 06:00:00,2,353,32,237,61,201,411,,https://www.sidc.be/cactus/catalog/LASCO/2_5_0/2010/10/cmecat.txt
10,0053,2010-10-26 14:36:00,1,307,12,781,578,243,1785,,https://www.sidc.be/cactus/catalog/LASCO/2_5_0/2010/10/cmecat.txt
10,0052,2010-10-26 13:48:00,0,351,8,520,841,139,1953,,https://www.sidc.be/cactus/catalog/LASCO/2_5_0/2010/10/cmecat.txt
10,0051,2010-10-26 12:36:00,1,240,10,338,191,137,686,,https://www.sidc.be/cactus/catalog/LASCO/2_5_0/2010/10/cmecat.txt
10,0050,2010-10-26 11:36:00,0,206,10,411,13,383,416,,https://www.sidc.be/cactus/catalog/LASCO/2_5_0/2010/10/cmecat.txt
10,0049,2010-10-26 11:36:00,5,319,32,600,157,253,833,,https://www.sidc.be/cactus/catalog/LASCO/2_5_0/2010/10/cmecat.txt
10,0048,2010-10-26 11:36:00,2,201,88,349,110,137,504,,https://www.sidc.be/cactus/catalog/LASCO/2_5_0/2010/10/cmecat.txt
10,0047,2010-10-26 07:48:00,1,52,6,587,25,543,606,,https://www.sidc.be/cactus/catalog/LASCO/2_5_0/2010/10/cmecat.txt
10,0046,2010-10-26 07:12:00,1,48,18,512,22,496,553,,https://www.sidc.be/cactus/catalog/LASCO/2_5_0/2010/10/cmecat.txt
10,0045,2010-10-25 16:36:00,4,68,70,390,107,138,422,,https://www.sidc.be/cactus/catalog/LASCO/2_5_0/2010/10/cmecat.txt
10,0044,2010-10-25 08:36:00,1,72,22,139,1,137,140,,https://www.sidc.be/cactus/catalog/LASCO/2_5_0/2010/10/cmecat.txt
10,0043,2010-10-25 08:36:00,0,78,14,138,1,137,140,,https://www.sidc.be/cactus/catalog/LASCO/2_5_0/2010/10/cmecat.txt
10,0042,2010-10-24 06:36:00,1,296,10,413,2,411,419,,https://www.sidc.be/cactus/catalog/LASCO/2_5_0/2010/10/cmecat.txt
10,0041,2010-10-23 05:25:00,0,272,6,148,29,108,189,,https://www.sidc.be/cactus/catalog/LASCO/2_5_0/2010/10/cmecat.txt
10,0040,2010-10-23 05:25:00,1,281,44,355,124,140,500,,https://www.sidc.be/cactus/catalog/LASCO/2_5_0/2010/10/cmecat.txt
10,0039,2010-10-23 04:36:00,1,320,6,535,241,448,1000,,https://www.sidc.be/cactus/catalog/LASCO/2_5_0/2010/10/cmecat.txt
10,0038,2010-10-22 06:00:00,1,246,10,412,504,111,1420,,https://www.sidc.be/cactus/catalog/LASCO/2_5_0/2010/10/cmecat.txt
10,0037,2010-10-21 23:16:00,9,288,134,476,151,138,868,II,https://www.sidc.be/cactus/catalog/LASCO/2_5_0/2010/10/cmecat.txt
10,0036,2010-10-20 12:00:00,1,279,16,355,27,341,408,,https://www.sidc.be/cactus/catalog/LASCO/2_5_0/2010/10/cmecat.txt
10,0035,2010-10-20 00:48:00,1,272,10,324,68,279,453,,https://www.sidc.be/cactus/catalog/LASCO/2_5_0/2010/10/cmecat.txt
10,0034,2010-10-19 23:27:00,0,274,10,224,79,153,346,,https://www.sidc.be/cactus/catalog/LASCO/2_5_0/2010/10/cmecat.txt
10,0033,2010-10-19 21:49:00,0,318,14,365,61,268,452,,https://www.sidc.be/cactus/catalog/LASCO/2_5_0/2010/10/cmecat.txt
10,0032,2010-10-19 08:48:00,1,274,10,140,123,138,416,,https://www.sidc.be/cactus/catalog/LASCO/2_5_0/2010/10/cmecat.txt
10,0031,2010-10-19 07:24:00,1,272,42,402,60,268,432,,https://www.sidc.be/cactus/catalog/LASCO/2_5_0/2010/10/cmecat.txt
10,0030,2010-10-18 16:00:00,2,231,28,718,667,137,2016,,https://www.sidc.be/cactus/catalog/LASCO/2_5_0/2010/10/cmecat.txt
10,0029,2010-10-17 11:36:00,1,96,22,221,62,199,365,,https://www.sidc.be/cactus/catalog/LASCO/2_5_0/2010/10/cmecat.txt
10,0028,2010-10-17 11:36:00,1,21,12,349,163,224,624,,https://www.sidc.be/cactus/catalog/LASCO/2_5_0/2010/10/cmecat.txt
10,0027,2010-10-17 09:48:00,2,276,54,297,94,138,431,,https://www.sidc.be/cactus/catalog/LASCO/2_5_0/2010/10/cmecat.txt
10,0026,2010-10-17 09:24:00,1,41,12,200,7,185,204,,https://www.sidc.be/cactus/catalog/LASCO/2_5_0/2010/10/cmecat.txt
10,0025,2010-10-17 09:24:00,8,41,152,234,90,136,434,II,https://www.sidc.be/cactus/catalog/LASCO/2_5_0/2010/10/cmecat.txt
10,0024,2010-10-17 04:48:00,2,270,30,175,123,135,422,,https://www.sidc.be/cactus/catalog/LASCO/2_5_0/2010/10/cmecat.txt
10,0023,2010-10-17 01:36:00,1,263,20,139,1,138,141,,https://www.sidc.be/cactus/catalog/LASCO/2_5_0/2010/10/cmecat.txt
10,0022,2010-10-16 20:12:00,0,270,10,379,186,254,686,,https://www.sidc.be/cactus/catalog/LASCO/2_5_0/2010/10/cmecat.txt
10,0021,2010-10-16 04:13:00,4,308,26,254,95,120,404,,https://www.sidc.be/cactus/catalog/LASCO/2_5_0/2010/10/cmecat.txt
10,0020,2010-10-14 17:36:00,1,53,16,425,92,274,553,,https://www.sidc.be/cactus/catalog/LASCO/2_5_0/2010/10/cmecat.txt
10,0019,2010-10-14 16:00:00,3,281,36,141,1,139,142,,https://www.sidc.be/cactus/catalog/LASCO/2_5_0/2010/10/cmecat.txt
10,0018,2010-10-13 23:37:00,1,77,8,413,91,239,480,,https://www.sidc.be/cactus/catalog/LASCO/2_5_0/2010/10/cmecat.txt
10,0017,2010-10-13 16:36:00,3,67,32,500,191,376,890,,https://www.sidc.be/cactus/catalog/LASCO/2_5_0/2010/10/cmecat.txt
10,0016,2010-10-13 13:25:00,1,292,6,224,652,133,1525,,https://www.sidc.be/cactus/catalog/LASCO/2_5_0/2010/10/cmecat.txt
10,0015,2010-10-13 09:48:00,0,292,6,141,4,134,145,,https://www.sidc.be/cactus/catalog/LASCO/2_5_0/2010/10/cmecat.txt
10,0014,2010-10-11 07:12:00,1,265,8,121,16,102,138,,https://www.sidc.be/cactus/catalog/LASCO/2_5_0/2010/10/cmecat.txt
10,0013,2010-10-11 05:24:00,2,263,12,175,142,137,466,,https://www.sidc.be/cactus/catalog/LASCO/2_5_0/2010/10/cmecat.txt
10,0012,2010-10-11 04:12:00,2,265,8,143,487,141,1096,,https://www.sidc.be/cactus/catalog/LASCO/2_5_0/2010/10/cmecat.txt
10,0011,2010-10-10 23:05:00,5,101,80,244,70,137,431,,https://www.sidc.be/cactus/catalog/LASCO/2_5_0/2010/10/cmecat.txt
10,0010,2010-10-10 19:00:00,2,44,30,502,79,307,558,,https://www.sidc.be/cactus/catalog/LASCO/2_5_0/2010/10/cmecat.txt
10,0009,2010-10-10 18:48:00,2,40,26,456,100,363,693,,https://www.sidc.be/cactus/catalog/LASCO/2_5_0/2010/10/cmecat.txt
10,0008,2010-10-08 12:36:00,6,258,106,140,37,103,233,II,https://www.sidc.be/cactus/catalog/LASCO/2_5_0/2010/10/cmecat.txt
10,0007,2010-10-07 11:00:00,1,248,18,416,3,413,422,,https://www.sidc.be/cactus/catalog/LASCO/2_5_0/2010/10/cmecat.txt
10,0006,2010-10-07 08:00:00,6,307,72,447,79,322,651,,https://www.sidc.be/cactus/catalog/LASCO/2_5_0/2010/10/cmecat.txt
10,0005,2010-10-06 07:48:00,4,46,70,211,15,193,247,,https://www.sidc.be/cactus/catalog/LASCO/2_5_0/2010/10/cmecat.txt
10,0004,2010-10-02 12:36:00,2,155,16,345,37,264,363,,https://www.sidc.be/cactus/catalog/LASCO/2_5_0/2010/10/cmecat.txt
10,0003,2010-10-02 10:00:00,0,12,6,255,108,228,469,,https://www.sidc.be/cactus/catalog/LASCO/2_5_0/2010/10/cmecat.txt
10,0002,2010-10-01 10:24:00,5,59,80,142,73,105,287,,https://www.sidc.be/cactus/catalog/LASCO/2_5_0/2010/10/cmecat.txt
10,0001,2010-10-01 01:36:00,0,344,6,403,13,381,411,,https://www.sidc.be/cactus/catalog/LASCO/2_5_0/2010/10/cmecat.txt
11,0073,2010-11-30 19:12:00,0,72,22,162,400,141,1008,,https://www.sidc.be/cactus/catalog/LASCO/2_5_0/2010/11/cmecat.txt
11,0072,2010-11-30 19:12:00,3,74,98,360,52,246,480,II,https://www.sidc.be/cactus/catalog/LASCO/2_5_0/2010/11/cmecat.txt
11,0071,2010-11-29 19:36:00,1,84,30,416,9,398,425,,https://www.sidc.be/cactus/catalog/LASCO/2_5_0/2010/11/cmecat.txt
11,0070,2010-11-29 19:24:00,0,271,8,294,11,284,314,,https://www.sidc.be/cactus/catalog/LASCO/2_5_0/2010/11/cmecat.txt
11,0069,2010-11-29 17:36:00,1,238,6,718,31,664,726,,https://www.sidc.be/cactus/catalog/LASCO/2_5_0/2010/11/cmecat.txt
11,0068,2010-11-29 17:24:00,1,268,10,300,22,269,320,,https://www.sidc.be/cactus/catalog/LASCO/2_5_0/2010/11/cmecat.txt
11,0067,2010-11-29 14:36:00,5,255,68,347,46,231,416,,https://www.sidc.be/cactus/catalog/LASCO/2_5_0/2010/11/cmecat.txt
11,0066,2010-11-29 06:00:00,1,82,22,428,49,345,516,,https://www.sidc.be/cactus/catalog/LASCO/2_5_0/2010/11/cmecat.txt
11,0065,2010-11-29 05:24:00,0,45,24,557,140,345,781,,https://www.sidc.be/cactus/catalog/LASCO/2_5_0/2010/11/cmecat.txt
11,0064,2010-11-29 01:36:00,2,23,40,140,1,138,144,,https://www.sidc.be/cactus/catalog/LASCO/2_5_0/2010/11/cmecat.txt
11,0063,2010-11-28 22:24:00,2,27,12,385,109,204,563,,https://www.sidc.be/cactus/catalog/LASCO/2_5_0/2010/11/cmecat.txt
11,0062,2010-11-28 09:36:00,1,54,10,331,56,293,449,,https://www.sidc.be/cactus/catalog/LASCO/2_5_0/2010/11/cmecat.txt
11,0061,2010-11-27 06:24:00,1,208,10,219,43,141,239,,https://www.sidc.be/cactus/catalog/LASCO/2_5_0/2010/11/cmecat.txt
11,0060,2010-11-27 04:25:00,1,181,8,221,18,187,233,,https://www.sidc.be/cactus/catalog/LASCO/2_5_0/2010/11/cmecat.txt
11,0059,2010-11-26 07:48:00,1,230,22,313,23,251,328,,https://www.sidc.be/cactus/catalog/LASCO/2_5_0/2010/11/cmecat.txt
11,0058,2010-11-26 07:24:00,3,118,122,396,44,314,504,II,https://www.sidc.be/cactus/catalog/LASCO/2_5_0/2010/11/cmecat.txt
11,0057,2010-11-25 22:00:00,2,257,24,624,301,139,1008,,https://www.sidc.be/cactus/catalog/LASCO/2_5_0/2010/11/cmecat.txt
11,0056,2010-11-25 21:28:00,0,103,12,138,1,138,141,,https://www.sidc.be/cactus/catalog/LASCO/2_5_0/2010/11/cmecat.txt
11,0055,2010-11-25 20:36:00,2,112,30,138,104,105,435,,https://www.sidc.be/cactus/catalog/LASCO/2_5_0/2010/11/cmecat.txt
11,0054,2010-11-25 14:00:00,1,246,10,138,1,136,141,,https://www.sidc.be/cactus/catalog/LASCO/2_5_0/2010/11/cmecat.txt
11,0053,2010-11-25 14:00:00,10,183,196,151,72,133,345,III,https://www.sidc.be/cactus/catalog/LASCO/2_5_0/2010/11/cmecat.txt
11,0052,2010-11-25 06:24:00,0,353,8,407,61,405,520,,https://www.sidc.be/cactus/catalog/LASCO/2_5_0/2010/11/cmecat.txt
11,0051,2010-11-24 23:16:00,2,347,24,612,129,434,889,,https://www.sidc.be/cactus/catalog/LASCO/2_5_0/2010/11/cmecat.txt
11,0050,2010-11-24 13:25:00,2,74,22,391,132,209,618,,https://www.sidc.be/cactus/catalog/LASCO/2_5_0/2010/11/cmecat.txt
11,0049,2010-11-24 10:36:00,1,65,8,141,6,132,149,,https://www.sidc.be/cactus/catalog/LASCO/2_5_0/2010/11/cmecat.txt
11,0048,2010-11-24 10:36:00,2,79,32,140,194,132,538,,https://www.sidc.be/cactus/catalog/LASCO/2_5_0/2010/11/cmecat.txt
11,0047,2010-11-24 09:24:00,2,78,34,138,88,131,369,,https://www.sidc.be/cactus/catalog/LASCO/2_5_0/2010/11/cmecat.txt
11,0046,2010-11-24 08:00:00,1,233,16,388,15,355,408,,https://www.sidc.be/cactus/catalog/LASCO/2_5_0/2010/11/cmecat.txt
11,0045,2010-11-24 07:36:00,3,327,24,419,69,240,489,,https://www.sidc.be/cactus/catalog/LASCO/2_5_0/2010/11/cmecat.txt
11,0044,2010-11-24 03:24:00,5,228,98,282,79,137,419,II,https://www.sidc.be/cactus/catalog/LASCO/2_5_0/2010/11/cmecat.txt
11,0043,2010-11-23 08:48:00,2,84,10,370,64,292,462,,https://www.sidc.be/cactus/catalog/LASCO/2_5_0/2010/11/cmecat.txt
11,0042,2010-11-23 08:36:00,3,31,64,361,59,209,425,,https://www.sidc.be/cactus/catalog/LASCO/2_5_0/2010/11/cmecat.txt
11,0041,2010-11-22 05:29:00,1,249,24,452,3,445,456,,https://www.sidc.be/cactus/catalog/LASCO/2_5_0/2010/11/cmecat.txt
11,0040,2010-11-21 16:45:00,2,239,48,142,34,101,228,,https://www.sidc.be/cactus/catalog/LASCO/2_5_0/2010/11/cmecat.txt
11,0039,2010-11-20 09:24:00,1,65,16,255,42,239,344,,https://www.sidc.be/cactus/catalog/LASCO/2_5_0/2010/11/cmecat.txt
11,0038,2010-11-18 23:48:00,7,115,52,416,27,369,473,,https://www.sidc.be/cactus/catalog/LASCO/2_5_0/2010/11/cmecat.txt
11,0037,2010-11-17 18:24:00,1,246,10,643,138,405,686,,https://www.sidc.be/cactus/catalog/LASCO/2_5_0/2010/11/cmecat.txt
11,0036,2010-11-17 16:00:00,1,46,22,141,43,132,234,,https://www.sidc.be/cactus/catalog/LASCO/2_5_0/2010/11/cmecat.txt
11,0035,2010-11-17 08:36:00,1,240,18,518,140,369,762,,https://www.sidc.be/cactus/catalog/LASCO/2_5_0/2010/11/cmecat.txt
11,0034,2010-11-17 05:24:00,1,136,10,707,373,400,1420,,https://www.sidc.be/cactus/catalog/LASCO/2_5_0/2010/11/cmecat.txt
11,0033,2010-11-16 09:36:00,6,121,64,415,109,252,672,,https://www.sidc.be/cactus/catalog/LASCO/2_5_0/2010/11/cmecat.txt
11,0032,2010-11-16 02:36:00,5,70,78,353,66,207,484,,https://www.sidc.be/cactus/catalog/LASCO/2_5_0/2010/11/cmecat.txt
11,0031,2010-11-15 23:36:00,1,234,14,507,327,124,992,,https://www.sidc.be/cactus/catalog/LASCO/2_5_0/2010/11/cmecat.txt
11,0030,2010-11-15 21:24:00,2,131,16,529,137,443,791,,https://www.sidc.be/cactus/catalog/LASCO/2_5_0/2010/11/cmecat.txt
11,0029,2010-11-14 15:48:00,1,119,16,538,224,137,686,,https://www.sidc.be/cactus/catalog/LASCO/2_5_0/2010/11/cmecat.txt
11,0028,2010-11-14 00:24:00,1,239,32,411,28,351,456,,https://www.sidc.be/cactus/catalog/LASCO/2_5_0/2010/11/cmecat.txt
11,0027,2010-11-13 12:24:00,1,154,14,195,36,134,209,,https://www.sidc.be/cactus/catalog/LASCO/2_5_0/2010/11/cmecat.txt
11,0026,2010-11-12 14:36:00,2,106,18,436,19,403,468,,https://www.sidc.be/cactus/catalog/LASCO/2_5_0/2010/11/cmecat.txt
11,0025,2010-11-12 09:24:00,0,173,16,139,11,113,148,,https://www.sidc.be/cactus/catalog/LASCO/2_5_0/2010/11/cmecat.txt
11,0024,2010-11-12 04:48:00,1,120,42,271,84,148,413,,https://www.sidc.be/cactus/catalog/LASCO/2_5_0/2010/11/cmecat.txt
11,0023,2010-11-12 04:36:00,1,169,24,224,83,106,351,,https://www.sidc.be/cactus/catalog/LASCO/2_5_0/2010/11/cmecat.txt
11,0022,2010-11-12 02:24:00,2,173,44,186,65,136,328,,https://www.sidc.be/cactus/catalog/LASCO/2_5_0/2010/11/cmecat.txt
11,0021,2010-11-11 17:00:00,2,146,94,425,74,214,573,II,https://www.sidc.be/cactus/catalog/LASCO/2_5_0/2010/11/cmecat.txt
11,0020,2010-11-11 14:00:00,1,171,44,141,93,102,390,,https://www.sidc.be/cactus/catalog/LASCO/2_5_0/2010/11/cmecat.txt
11,0019,2010-11-11 08:00:00,2,161,28,207,72,133,336,,https://www.sidc.be/cactus/catalog/LASCO/2_5_0/2010/11/cmecat.txt
11,0018,2010-11-11 00:24:00,4,278,26,140,3,134,149,,https://www.sidc.be/cactus/catalog/LASCO/2_5_0/2010/11/cmecat.txt
11,0017,2010-11-10 14:36:00,1,119,16,400,65,296,529,,https://www.sidc.be/cactus/catalog/LASCO/2_5_0/2010/11/cmecat.txt
11,0016,2010-11-10 08:12:00,1,340,38,245,30,174,300,,https://www.sidc.be/cactus/catalog/LASCO/2_5_0/2010/11/cmecat.txt
11,0015,2010-11-10 07:12:00,0,282,10,139,1,137,140,,https://www.sidc.be/cactus/catalog/LASCO/2_5_0/2010/11/cmecat.txt
11,0014,2010-11-10 03:36:00,1,282,30,139,0,138,141,,https://www.sidc.be/cactus/catalog/LASCO/2_5_0/2010/11/cmecat.txt
11,0013,2010-11-10 01:36:00,1,286,18,139,96,132,349,,https://www.sidc.be/cactus/catalog/LASCO/2_5_0/2010/11/cmecat.txt
11,0012,2010-11-10 01:25:00,3,279,40,140,2,136,144,,https://www.sidc.be/cactus/catalog/LASCO/2_5_0/2010/11/cmecat.txt
11,0011,2010-11-10 00:48:00,0,264,6,122,17,103,140,,https://www.sidc.be/cactus/catalog/LASCO/2_5_0/2010/11/cmecat.txt
11,0010,2010-11-08 20:12:00,5,35,44,414,113,290,686,,https://www.sidc.be/cactus/catalog/LASCO/2_5_0/2010/11/cmecat.txt
11,0009,2010-11-08 11:48:00,1,285,16,137,0,137,138,,https://www.sidc.be/cactus/catalog/LASCO/2_5_0/2010/11/cmecat.txt
11,0008,2010-11-06 16:24:00,1,112,22,206,45,137,218,,https://www.sidc.be/cactus/catalog/LASCO/2_5_0/2010/11/cmecat.txt
11,0007,2010-11-05 00:00:00,1,30,10,430,33,425,488,,https://www.sidc.be/cactus/catalog/LASCO/2_5_0/2010/11/cmecat.txt
11,0006,2010-11-03 18:36:00,0,124,10,169,126,135,419,,https://www.sidc.be/cactus/catalog/LASCO/2_5_0/2010/11/cmecat.txt
11,0005,2010-11-03 12:48:00,11,97,68,140,2,135,143,,https://www.sidc.be/cactus/catalog/LASCO/2_5_0/2010/11/cmecat.txt
11,0004,2010-11-03 06:36:00,1,97,52,266,92,132,416,,https://www.sidc.be/cactus/catalog/LASCO/2_5_0/2010/11/cmecat.txt
11,0003,2010-11-03 06:24:00,2,346,22,449,40,380,525,,https://www.sidc.be/cactus/catalog/LASCO/2_5_0/2010/11/cmecat.txt
11,0002,2010-11-02 10:24:00,0,268,6,408,18,381,425,,https://www.sidc.be/cactus/catalog/LASCO/2_5_0/2010/11/cmecat.txt
11,0001,2010-11-01 03:24:00,0,220,6,1109,529,543,1785,,https://www.sidc.be/cactus/catalog/LASCO/2_5_0/2010/11/cmecat.txt
12,0074,2010-12-31 13:36:00,1,272,6,147,12,138,167,,https://www.sidc.be/cactus/catalog/LASCO/2_5_0/2010/12/cmecat.txt
12,0073,2010-12-31 08:12:00,2,30,34,305,41,206,355,,https://www.sidc.be/cactus/catalog/LASCO/2_5_0/2010/12/cmecat.txt
12,0072,2010-12-31 05:12:00,1,278,26,385,60,240,424,,https://www.sidc.be/cactus/catalog/LASCO/2_5_0/2010/12/cmecat.txt
12,0071,2010-12-31 03:24:00,1,136,6,185,50,142,254,,https://www.sidc.be/cactus/catalog/LASCO/2_5_0/2010/12/cmecat.txt
12,0070,2010-12-30 18:00:00,6,55,72,413,64,315,568,,https://www.sidc.be/cactus/catalog/LASCO/2_5_0/2010/12/cmecat.txt
12,0069,2010-12-30 11:24:00,1,280,14,139,78,137,347,,https://www.sidc.be/cactus/catalog/LASCO/2_5_0/2010/12/cmecat.txt
12,0068,2010-12-29 23:12:00,1,286,14,388,18,359,408,,https://www.sidc.be/cactus/catalog/LASCO/2_5_0/2010/12/cmecat.txt
12,0067,2010-12-29 21:36:00,1,4,14,389,93,317,618,,https://www.sidc.be/cactus/catalog/LASCO/2_5_0/2010/12/cmecat.txt
12,0066,2010-12-29 10:12:00,5,300,50,319,48,230,431,,https://www.sidc.be/cactus/catalog/LASCO/2_5_0/2010/12/cmecat.txt
12,0065,2010-12-29 04:48:00,1,49,20,138,0,136,138,,https://www.sidc.be/cactus/catalog/LASCO/2_5_0/2010/12/cmecat.txt
12,0064,2010-12-28 21:36:00,2,73,36,142,52,103,314,,https://www.sidc.be/cactus/catalog/LASCO/2_5_0/2010/12/cmecat.txt
12,0063,2010-12-28 21:36:00,3,52,70,208,126,119,488,,https://www.sidc.be/cactus/catalog/LASCO/2_5_0/2010/12/cmecat.txt
12,0062,2010-12-27 02:12:00,0,98,10,442,22,400,452,,https://www.sidc.be/cactus/catalog/LASCO/2_5_0/2010/12/cmecat.txt
12,0061,2010-12-26 04:12:00,1,94,22,434,80,306,543,,https://www.sidc.be/cactus/catalog/LASCO/2_5_0/2010/12/cmecat.txt
12,0060,2010-12-26 03:24:00,5,149,132,323,96,124,500,II,https://www.sidc.be/cactus/catalog/LASCO/2_5_0/2010/12/cmecat.txt
12,0059,2010-12-25 15:12:00,1,256,26,195,58,136,309,,https://www.sidc.be/cactus/catalog/LASCO/2_5_0/2010/12/cmecat.txt
12,0058,2010-12-25 14:12:00,2,85,40,271,97,137,422,,https://www.sidc.be/cactus/catalog/LASCO/2_5_0/2010/12/cmecat.txt
12,0057,2010-12-25 14:12:00,3,88,46,399,142,138,525,,https://www.sidc.be/cactus/catalog/LASCO/2_5_0/2010/12/cmecat.txt
12,0056,2010-12-25 11:36:00,1,259,24,139,2,133,143,,https://www.sidc.be/cactus/catalog/LASCO/2_5_0/2010/12/cmecat.txt
12,0055,2010-12-24 15:24:00,1,267,8,139,3,133,141,,https://www.sidc.be/cactus/catalog/LASCO/2_5_0/2010/12/cmecat.txt
12,0054,2010-12-24 10:36:00,1,263,16,141,28,137,207,,https://www.sidc.be/cactus/catalog/LASCO/2_5_0/2010/12/cmecat.txt
12,0053,2010-12-22 03:36:00,1,343,20,246,99,135,431,,https://www.sidc.be/cactus/catalog/LASCO/2_5_0/2010/12/cmecat.txt
12,0052,2010-12-21 23:12:00,1,76,26,210,293,138,976,,https://www.sidc.be/cactus/catalog/LASCO/2_5_0/2010/12/cmecat.txt
12,0051,2010-12-21 11:48:00,1,65,20,328,99,138,419,,https://www.sidc.be/cactus/catalog/LASCO/2_5_0/2010/12/cmecat.txt
12,0050,2010-12-21 02:48:00,2,57,92,290,66,137,419,II,https://www.sidc.be/cactus/catalog/LASCO/2_5_0/2010/12/cmecat.txt
12,0049,2010-12-21 02:36:00,1,50,30,190,42,121,282,,https://www.sidc.be/cactus/catalog/LASCO/2_5_0/2010/12/cmecat.txt
12,0048,2010-12-20 06:24:00,13,63,80,142,84,103,349,,https://www.sidc.be/cactus/catalog/LASCO/2_5_0/2010/12/cmecat.txt
12,0047,2010-12-19 07:00:00,0,253,8,584,759,170,1736,,https://www.sidc.be/cactus/catalog/LASCO/2_5_0/2010/12/cmecat.txt
12,0046,2010-12-19 04:00:00,1,298,14,436,59,400,568,,https://www.sidc.be/cactus/catalog/LASCO/2_5_0/2010/12/cmecat.txt
12,0045,2010-12-18 16:00:00,1,244,22,141,110,115,419,,https://www.sidc.be/cactus/catalog/LASCO/2_5_0/2010/12/cmecat.txt
12,0044,2010-12-18 06:24:00,1,132,6,127,14,105,140,,https://www.sidc.be/cactus/catalog/LASCO/2_5_0/2010/12/cmecat.txt
12,0043,2010-12-18 06:24:00,1,99,16,242,33,177,277,,https://www.sidc.be/cactus/catalog/LASCO/2_5_0/2010/12/cmecat.txt
12,0042,2010-12-18 00:12:00,1,281,24,406,352,260,1276,,https://www.sidc.be/cactus/catalog/LASCO/2_5_0/2010/12/cmecat.txt
12,0041,2010-12-17 23:12:00,0,281,8,231,163,131,548,,https://www.sidc.be/cactus/catalog/LASCO/2_5_0/2010/12/cmecat.txt
12,0040,2010-12-17 02:48:00,1,283,8,437,325,138,976,,https://www.sidc.be/cactus/catalog/LASCO/2_5_0/2010/12/cmecat.txt
12,0039,2010-12-16 09:12:00,3,327,68,425,41,351,516,,https://www.sidc.be/cactus/catalog/LASCO/2_5_0/2010/12/cmecat.txt
12,0038,2010-12-15 15:12:00,1,315,36,421,132,147,702,,https://www.sidc.be/cactus/catalog/LASCO/2_5_0/2010/12/cmecat.txt
12,0037,2010-12-15 13:36:00,3,215,28,137,0,136,138,,https://www.sidc.be/cactus/catalog/LASCO/2_5_0/2010/12/cmecat.txt
12,0036,2010-12-15 05:36:00,2,65,24,292,91,206,428,,https://www.sidc.be/cactus/catalog/LASCO/2_5_0/2010/12/cmecat.txt
12,0035,2010-12-14 23:24:00,2,41,24,300,114,140,459,,https://www.sidc.be/cactus/catalog/LASCO/2_5_0/2010/12/cmecat.txt
12,0034,2010-12-14 17:00:00,2,151,188,1059,610,134,2016,III,https://www.sidc.be/cactus/catalog/LASCO/2_5_0/2010/12/cmecat.txt
12,0033,2010-12-14 15:48:00,4,350,158,683,209,237,1202,II,https://www.sidc.be/cactus/catalog/LASCO/2_5_0/2010/12/cmecat.txt
12,0032,2010-12-13 06:00:00,0,258,10,484,6,477,496,,https://www.sidc.be/cactus/catalog/LASCO/2_5_0/2010/12/cmecat.txt
12,0031,2010-12-13 01:36:00,0,86,18,622,346,383,1330,,https://www.sidc.be/cactus/catalog/LASCO/2_5_0/2010/12/cmecat.txt
12,0030,2010-12-13 01:36:00,1,250,6,497,13,473,500,,https://www.sidc.be/cactus/catalog/LASCO/2_5_0/2010/12/cmecat.txt
12,0029,2010-12-12 22:24:00,1,100,6,451,28,408,473,,https://www.sidc.be/cactus/catalog/LASCO/2_5_0/2010/12/cmecat.txt
12,0028,2010-12-12 16:00:00,1,280,10,393,37,334,434,,https://www.sidc.be/cactus/catalog/LASCO/2_5_0/2010/12/cmecat.txt
12,0027,2010-12-12 14:24:00,1,222,6,416,7,408,428,,https://www.sidc.be/cactus/catalog/LASCO/2_5_0/2010/12/cmecat.txt
12,0026,2010-12-12 13:36:00,2,229,16,349,23,322,388,,https://www.sidc.be/cactus/catalog/LASCO/2_5_0/2010/12/cmecat.txt
12,0025,2010-12-12 06:12:00,8,55,156,349,101,137,600,II,https://www.sidc.be/cactus/catalog/LASCO/2_5_0/2010/12/cmecat.txt
12,0024,2010-12-12 03:24:00,4,250,82,612,53,484,694,,https://www.sidc.be/cactus/catalog/LASCO/2_5_0/2010/12/cmecat.txt
12,0023,2010-12-11 16:00:00,1,228,18,1475,499,657,2016,,https://www.sidc.be/cactus/catalog/LASCO/2_5_0/2010/12/cmecat.txt
12,0022,2010-12-11 11:24:00,1,1,28,140,3,133,144,,https://www.sidc.be/cactus/catalog/LASCO/2_5_0/2010/12/cmecat.txt
12,0021,2010-12-10 07:48:00,1,288,14,241,84,144,425,,https://www.sidc.be/cactus/catalog/LASCO/2_5_0/2010/12/cmecat.txt
12,0020,2010-12-10 07:12:00,2,289,48,408,48,295,480,,https://www.sidc.be/cactus/catalog/LASCO/2_5_0/2010/12/cmecat.txt
12,0019,2010-12-09 09:24:00,0,88,18,1893,97,1736,2016,,https://www.sidc.be/cactus/catalog/LASCO/2_5_0/2010/12/cmecat.txt
12,0018,2010-12-08 12:48:00,1,74,18,234,168,140,538,,https://www.sidc.be/cactus/catalog/LASCO/2_5_0/2010/12/cmecat.txt
12,0017,2010-12-08 11:24:00,4,54,46,419,48,341,520,,https://www.sidc.be/cactus/catalog/LASCO/2_5_0/2010/12/cmecat.txt
12,0016,2010-12-07 23:16:00,1,126,10,430,70,316,472,,https://www.sidc.be/cactus/catalog/LASCO/2_5_0/2010/12/cmecat.txt
12,0015,2010-12-07 13:25:00,1,290,14,201,91,136,363,,https://www.sidc.be/cactus/catalog/LASCO/2_5_0/2010/12/cmecat.txt
12,0014,2010-12-07 11:36:00,2,280,34,294,32,228,347,,https://www.sidc.be/cactus/catalog/LASCO/2_5_0/2010/12/cmecat.txt
12,0013,2010-12-06 18:00:00,5,123,84,519,65,389,612,,https://www.sidc.be/cactus/catalog/LASCO/2_5_0/2010/12/cmecat.txt
12,0012,2010-12-06 14:00:00,2,271,44,279,146,211,655,,https://www.sidc.be/cactus/catalog/LASCO/2_5_0/2010/12/cmecat.txt
12,0011,2010-12-06 03:48:00,1,292,22,141,103,136,341,,https://www.sidc.be/cactus/catalog/LASCO/2_5_0/2010/12/cmecat.txt
12,0010,2010-12-05 00:48:00,3,257,88,247,72,112,355,,https://www.sidc.be/cactus/catalog/LASCO/2_5_0/2010/12/cmecat.txt
12,0009,2010-12-04 04:25:00,2,275,8,149,156,141,434,,https://www.sidc.be/cactus/catalog/LASCO/2_5_0/2010/12/cmecat.txt
12,0008,2010-12-04 02:45:00,0,1,8,208,22,166,231,,https://www.sidc.be/cactus/catalog/LASCO/2_5_0/2010/12/cmecat.txt
12,0007,2010-12-03 19:48:00,1,264,10,612,117,408,694,,https://www.sidc.be/cactus/catalog/LASCO/2_5_0/2010/12/cmecat.txt
12,0006,2010-12-03 15:48:00,2,27,28,327,97,139,422,,https://www.sidc.be/cactus/catalog/LASCO/2_5_0/2010/12/cmecat.txt
12,0005,2010-12-03 12:48:00,1,355,8,468,124,302,607,,https://www.sidc.be/cactus/catalog/LASCO/2_5_0/2010/12/cmecat.txt
12,0004,2010-12-03 11:24:00,1,3,8,372,31,322,398,,https://www.sidc.be/cactus/catalog/LASCO/2_5_0/2010/12/cmecat.txt
12,0003,2010-12-03 08:12:00,1,22,14,458,116,294,637,,https://www.sidc.be/cactus/catalog/LASCO/2_5_0/2010/12/cmecat.txt
12,0002,2010-12-02 11:12:00,2,281,100,343,40,290,430,II,https://www.sidc.be/cactus/catalog/LASCO/2_5_0/2010/12/cmecat.txt
12,0001,2010-12-01 04:48:00,1,77,20,329,117,136,355,,https://www.sidc.be/cactus/catalog/LASCO/2_5_0/2010/12/cmecat.txt
